Workbook

Sheet Instructions
A1: SauceDemo Manual Testing Workbook
A2: App under test: https://www.saucedemo.com | Password for all users: secret_sauce
A3: Users: standard_user, locked_out_user, problem_user, performance_glitch_user, error_user, visual_user
A5: HOW TO USE
A6: 1. Yellow cells (Test Cases columns K to P, Defect Log, Retest sheet) are the ones YOU fill in. Everything else is pre-filled or calculated.
A7: 2. Execute each case in 'Test Cases'. Fill Actual Result, set Status (Pass / Fail / Blocked / Not Run), add Defect ID if it failed, then Executed By and Date.
A8: 3. The RTM and Dashboard sheets update automatically from Test Cases and Defect Log. Do not type in them (except RTM column G, Defect IDs).
A9: 4. Expected Results were written from observed SauceDemo behaviour plus assumed requirements (see Requirements sheet). If the app behaves differently, that is a candidate defect, but verify before logging.
A10: 5. For regression: after retesting defects, re-run the cases and fill 'Regression Result' (column O) and 'Regression Date' (column P).
A11: 6. Delete the grey example row in Defect Log (SD-EXAMPLE) before final submission, or leave it; the Dashboard ignores it.
A13: SEVERITY: Critical = blocks main flow | Major = major feature broken, workaround exists | Minor = small functional issue | Trivial = cosmetic
A14: PRIORITY: High = fix first | Medium = fix in this cycle | Low = can wait

Sheet Dashboard
A1: TEST EXECUTION SUMMARY
A2: Total test cases | B2: =COUNTA('Test Cases'!A2:A41) -> 40
A3: Passed | B3: =COUNTIF('Test Cases'!$L$2:$L$41,"Pass") -> 0
A4: Failed | B4: =COUNTIF('Test Cases'!$L$2:$L$41,"Fail") -> 0
A5: Blocked | B5: =COUNTIF('Test Cases'!$L$2:$L$41,"Blocked") -> 0
A6: Not Run | B6: =COUNTIF('Test Cases'!$L$2:$L$41,"Not Run") -> 40
A7: Executed | B7: =B2-B6 -> 0
A8: Pass % (of executed) | B8: =IF(B7=0,0,B3/B7) -> 0
A9: Execution progress % | B9: =IF(B2=0,0,B7/B2) -> 0
A11: BY TEST TYPE (total)
A12: Positive | B12: =COUNTIF('Test Cases'!$E$2:$E$41,"Positive") -> 22
A13: Negative | B13: =COUNTIF('Test Cases'!$E$2:$E$41,"Negative") -> 13
A14: Boundary | B14: =COUNTIF('Test Cases'!$E$2:$E$41,"Boundary") -> 5
A16: DEFECTS
A17: Total defects logged | B17: =COUNTIFS('Defect Log'!$A$2:$A$60,"<>",'Defect Log'!$A$2:$A$60,"<>SD-EXAMPLE") -> 0
A18: Severity: Critical | B18: =COUNTIFS('Defect Log'!$A$2:$A$60,"<>SD-EXAMPLE",'Defect Log'!$F$2:$F$60,"Critical") -> 0
A19: Severity: Major | B19: =COUNTIFS('Defect Log'!$A$2:$A$60,"<>SD-EXAMPLE",'Defect Log'!$F$2:$F$60,"Major") -> 0
A20: Severity: Minor | B20: =COUNTIFS('Defect Log'!$A$2:$A$60,"<>SD-EXAMPLE",'Defect Log'!$F$2:$F$60,"Minor") -> 0
A21: Severity: Trivial | B21: =COUNTIFS('Defect Log'!$A$2:$A$60,"<>SD-EXAMPLE",'Defect Log'!$F$2:$F$60,"Trivial") -> 0
A22: Status: Open | B22: =COUNTIFS('Defect Log'!$A$2:$A$60,"<>SD-EXAMPLE",'Defect Log'!$H$2:$H$60,"Open") -> 0
A23: Status: In Progress | B23: =COUNTIFS('Defect Log'!$A$2:$A$60,"<>SD-EXAMPLE",'Defect Log'!$H$2:$H$60,"In Progress") -> 0
A24: Status: Ready for Retest | B24: =COUNTIFS('Defect Log'!$A$2:$A$60,"<>SD-EXAMPLE",'Defect Log'!$H$2:$H$60,"Ready for Retest") -> 0
A25: Status: Closed | B25: =COUNTIFS('Defect Log'!$A$2:$A$60,"<>SD-EXAMPLE",'Defect Log'!$H$2:$H$60,"Closed") -> 0
A26: Status: Reopened | B26: =COUNTIFS('Defect Log'!$A$2:$A$60,"<>SD-EXAMPLE",'Defect Log'!$H$2:$H$60,"Reopened") -> 0
A28: REGRESSION
A29: Regression passed | B29: =COUNTIF('Test Cases'!$O$2:$O$41,"Pass") -> 0
A30: Regression failed | B30: =COUNTIF('Test Cases'!$O$2:$O$41,"Fail") -> 0
A31: Regression executed % | B31: =IF(B2=0,0,(B29+B30+COUNTIF('Test Cases'!$O$2:$O$41,"Blocked"))/B2) -> 0
A33: REQUIREMENTS COVERAGE
A34: Requirements covered % | B34: =RTM!E21 -> 1

Sheet Requirements
A1: Req ID | B1: Module | C1: Requirement
A2: REQ-01 | B2: Authentication | C2: A registered user can log in with a valid username and password; password is masked
A3: REQ-02 | B3: Authentication | C3: Login is rejected for invalid credentials with a clear error message
A4: REQ-03 | B4: Authentication | C4: A locked-out user cannot log in and sees a specific error
A5: REQ-04 | B5: Authentication | C5: Username and password are mandatory fields
A6: REQ-05 | B6: Inventory | C6: Inventory page displays all products with name, price, image and description
A7: REQ-06 | B7: Inventory | C7: Products can be sorted by name and price in both directions
A8: REQ-07 | B8: Cart | C8: A user can add a product to the cart and the cart badge updates
A9: REQ-08 | B9: Cart | C9: A user can remove a product from the inventory page or the cart page
A10: REQ-09 | B10: Cart | C10: Cart page lists selected products with correct name, quantity and price; user can navigate back
A11: REQ-10 | B11: Checkout | C11: Checkout requires first name, last name and postal code with clear validation messages
A12: REQ-11 | B12: Checkout | C12: Order overview shows correct item total, tax (8%) and grand total
... A18: REQ-17 | B18: Checkout | C18: Checkout cannot be started with an empty cart (assumed requirement)
A20: Note: SauceDemo has no published spec. These requirements were reverse-engineered from observed behaviour; REQ-17 is an assumed requirement.

Sheet Test Cases
A1: TC ID | B1: Req ID | C1: Module | D1: Title | E1: Type | F1: Priority | G1: Preconditions | H1: Test Steps | I1: Test Data | J1: Expected Result | K1: Actual Result | L1: Status | M1: Defect ID | N1: Executed By | O1: Regression Result | P1: Regression Date
A2: TC01 | B2: REQ-01 | C2: Login | D2: Login with valid standard_user | E2: Positive | F2: High | G2: None | H2: 1. Open https://www.saucedemo.com 2. Enter username 3. Enter password 4. Click Login | I2: standard_user / secret_sauce | J2: Redirected to /inventory.html; 'Products' header and 6 items visible. | L2: Not Run
A3: TC02 | B3: REQ-02 | C3: Login | D3: Login with valid username and wrong password | E3: Negative | F3: High | G3: None | H3: 1. Open https://www.saucedemo.com 2. Enter username 3. Enter password 4. Click Login | I3: standard_user / wrong_pass | J3: Stays on login page. Error shown: 'Epic sadface: Username and password do not match any user in this service'. Fields highlighted red. | L3: Not Run
A4: TC03 | B4: REQ-02 | C4: Login | D4: Login with unregistered username | E4: Negative | F4: High | G4: None | H4: 1. Open https://www.saucedemo.com 2. Enter username 3. Enter password 4. Click Login | I4: invalid_user / secret_sauce | J4: Stays on login page. Error shown: 'Epic sadface: Username and password do not match any user in this service'. Fields highlighted red. | L4: Not Run
A5: TC04 | B5: REQ-04 | C5: Login | D5: Login with empty username | E5: Negative | F5: High | G5: None | H5: 1. Open https://www.saucedemo.com 2. Leave username empty 3. Enter password 4. Click Login | I5: (empty) / secret_sauce | J5: Error: 'Epic sadface: Username is required'. | L5: Not Run
A6: TC05 | B6: REQ-04 | C6: Login | D6: Login with empty password | E6: Negative | F6: High | G6: None | H6: 1. Open https://www.saucedemo.com 2. Enter username 3. Leave password empty 4. Click Login | I6: standard_user / (empty) | J6: Error: 'Epic sadface: Password is required'. | L6: Not Run
A7: TC06 | B7: REQ-04 | C7: Login | D7: Login with both fields empty | E7: Negative | F7: Medium | G7: None | H7: 1. Open https://www.saucedemo.com 2. Leave both fields empty 3. Click Login | I7: (empty) / (empty) | J7: Error: 'Epic sadface: Username is required'. | L7: Not Run
A8: TC07 | B8: REQ-03 | C8: Login | D8: Login with locked_out_user | E8: Negative | F8: High | G8: None | H8: 1. Open https://www.saucedemo.com 2. Enter username 3. Enter password 4. Click Login | I8: locked_out_user / secret_sauce | J8: Login blocked. Error: 'Epic sadface: Sorry, this user has been locked out.' | L8: Not Run
A9: TC08 | B9: REQ-02 | C9: Login | D9: Username is case-sensitive | E9: Negative | F9: Medium | G9: None | H9: 1. Open https://www.saucedemo.com 2. Enter username 3. Enter password 4. Click Login | I9: STANDARD_USER / secret_sauce | J9: Stays on login page. Error shown: 'Epic sadface: Username and password do not match any user in this service'. Fields highlighted red. | L9: Not Run
A10: TC09 | B10: REQ-01 | C10: Login | D10: Password field masks input | E10: Positive | F10: Medium | G10: None | H10: 1. Open https://www.saucedemo.com 2. Type text into the password field 3. Observe the characters | I10: secret_sauce | J10: Characters appear as dots/asterisks, never as plain text. | L10: Not Run
A11: TC10 | B11: REQ-02 | C11: Login | D11: Username with leading and trailing spaces | E11: Boundary | F11: Low | G11: None | H11: 1. Open https://www.saucedemo.com 2. Enter username 3. Enter password 4. Click Login | I11: ' standard_user ' (spaces around) / secret_sauce | J11: Login rejected with the mismatch error (no silent trimming), or accepted consistently. Record actual behaviour. | L11: Not Run
A12: TC11 | B12: REQ-02 | C12: Login | D12: Very long username (256 characters) | E12: Boundary | F12: Low | G12: None | H12: 1. Open https://www.saucedemo.com 2. Enter username 3. Enter password 4. Click Login | I12: 256 x 'a' / secret_sauce | J12: Mismatch error shown. No crash, no layout break, no frozen page. | L12: Not Run
A13: TC12 | B13: REQ-02 | C13: Login | D13: SQL/special characters in username and password | E13: Negative | F13: Medium | G13: None | H13: 1. Open https://www.saucedemo.com 2. Enter username 3. Enter password 4. Click Login | I13: ' OR 1=1 -- / ' OR 1=1 -- | J13: Login rejected with mismatch error. No access granted, no unexpected error page. | L13: Not Run
... A41: TC40 | B41: REQ-08 | C41: Cart | D41: error_user: add and remove all items | E41: Positive | F41: High | G41: Logged in as error_user; cart empty | H41: 1. Add all 6 products 2. Remove each product from the inventory page | I41: error_user | J41: Every add and remove action works with no error and the badge updates correctly. | L41: Not Run

Sheet RTM
A1: Req ID | B1: Module | C1: Requirement | D1: Test Case IDs | E1: Coverage (# TCs) | F1: Passed | G1: Failed | H1: Not Run / Blocked | I1: RTM Status | J1: Defect IDs (type manually)
A2: REQ-01 | B2: Authentication | C2: A registered user can log in with a valid username and password; password is masked | D2: TC01, TC09 | E2: =COUNTIF('Test Cases'!$B$2:$B$41,A2) -> 2 | F2: =COUNTIFS('Test Cases'!$B$2:$B$41,A2,'Test Cases'!$L$2:$L$41,"Pass") -> 0 | G2: =COUNTIFS('Test Cases'!$B$2:$B$41,A2,'Test Cases'!$L$2:$L$41,"Fail") -> 0 | H2: =E2-F2-G2 -> 2 | I2: =IF(E2=0,"NO COVERAGE",IF(G2>0,"Fail",IF(F2=E2,"Pass","In Progress"))) -> In Progress
A3: REQ-02 | B3: Authentication | C3: Login is rejected for invalid credentials with a clear error message | D3: TC02, TC03, TC08, TC10, TC11, TC12, TC13 | E3: =COUNTIF('Test Cases'!$B$2:$B$41,A3) -> 7 | F3: =COUNTIFS('Test Cases'!$B$2:$B$41,A3,'Test Cases'!$L$2:$L$41,"Pass") -> 0 | G3: =COUNTIFS('Test Cases'!$B$2:$B$41,A3,'Test Cases'!$L$2:$L$41,"Fail") -> 0 | H3: =E3-F3-G3 -> 7 | I3: =IF(E3=0,"NO COVERAGE",IF(G3>0,"Fail",IF(F3=E3,"Pass","In Progress"))) -> In Progress
A4: REQ-03 | B4: Authentication | C4: A locked-out user cannot log in and sees a specific error | D4: TC07 | E4: =COUNTIF('Test Cases'!$B$2:$B$41,A4) -> 1 | F4: =COUNTIFS('Test Cases'!$B$2:$B$41,A4,'Test Cases'!$L$2:$L$41,"Pass") -> 0 | G4: =COUNTIFS('Test Cases'!$B$2:$B$41,A4,'Test Cases'!$L$2:$L$41,"Fail") -> 0 | H4: =E4-F4-G4 -> 1 | I4: =IF(E4=0,"NO COVERAGE",IF(G4>0,"Fail",IF(F4=E4,"Pass","In Progress"))) -> In Progress
A5: REQ-04 | B5: Authentication | C5: Username and password are mandatory fields | D5: TC04, TC05, TC06 | E5: =COUNTIF('Test Cases'!$B$2:$B$41,A5) -> 3 | F5: =COUNTIFS('Test Cases'!$B$2:$B$41,A5,'Test Cases'!$L$2:$L$41,"Pass") -> 0 | G5: =COUNTIFS('Test Cases'!$B$2:$B$41,A5,'Test Cases'!$L$2:$L$41,"Fail") -> 0 | H5: =E5-F5-G5 -> 3 | I5: =IF(E5=0,"NO COVERAGE",IF(G5>0,"Fail",IF(F5=E5,"Pass","In Progress"))) -> In Progress
A6: REQ-05 | B6: Inventory | C6: Inventory page displays all products with name, price, image and description | D6: TC15, TC20, TC37 | E6: =COUNTIF('Test Cases'!$B$2:$B$41,A6) -> 3 | F6: =COUNTIFS('Test Cases'!$B$2:$B$41,A6,'Test Cases'!$L$2:$L$41,"Pass") -> 0 | G6: =COUNTIFS('Test Cases'!$B$2:$B$41,A6,'Test Cases'!$L$2:$L$41,"Fail") -> 0 | H6: =E6-F6-G6 -> 3 | I6: =IF(E6=0,"NO COVERAGE",IF(G6>0,"Fail",IF(F6=E6,"Pass","In Progress"))) -> In Progress
A7: REQ-06 | B7: Inventory | C7: Products can be sorted by name and price in both directions | D7: TC16, TC17, TC18, TC19, TC38 | E7: =COUNTIF('Test Cases'!$B$2:$B$41,A7) -> 5 | F7: =COUNTIFS('Test Cases'!$B$2:$B$41,A7,'Test Cases'!$L$2:$L$41,"Pass") -> 0 | G7: =COUNTIFS('Test Cases'!$B$2:$B$41,A7,'Test Cases'!$L$2:$L$41,"Fail") -> 0 | H7: =E7-F7-G7 -> 5 | I7: =IF(E7=0,"NO COVERAGE",IF(G7>0,"Fail",IF(F7=E7,"Pass","In Progress"))) -> In Progress
A8: REQ-07 | B8: Cart | C8: A user can add a product to the cart and the cart badge updates | D8: TC21, TC22 | E8: =COUNTIF('Test Cases'!$B$2:$B$41,A8) -> 2 | F8: =COUNTIFS('Test Cases'!$B$2:$B$41,A8,'Test Cases'!$L$2:$L$41,"Pass") -> 0 | G8: =COUNTIFS('Test Cases'!$B$2:$B$41,A8,'Test Cases'!$L$2:$L$41,"Fail") -> 0 | H8: =E8-F8-G8 -> 2 | I8: =IF(E8=0,"NO COVERAGE",IF(G8>0,"Fail",IF(F8=E8,"Pass","In Progress"))) -> In Progress
A9: REQ-08 | B9: Cart | C9: A user can remove a product from the inventory page or the cart page | D9: TC23, TC24, TC40 | E9: =COUNTIF('Test Cases'!$B$2:$B$41,A9) -> 3 | F9: =COUNTIFS('Test Cases'!$B$2:$B$41,A9,'Test Cases'!$L$2:$L$41,"Pass") -> 0 | G9: =COUNTIFS('Test Cases'!$B$2:$B$41,A9,'Test Cases'!$L$2:$L$41,"Fail") -> 0 | H9: =E9-F9-G9 -> 3 | I9: =IF(E9=0,"NO COVERAGE",IF(G9>0,"Fail",IF(F9=E9,"Pass","In Progress"))) -> In Progress
A10: REQ-09 | B10: Cart | C10: Cart page lists selected products with correct name, quantity and price; user can navigate back | D10: TC34 | E10: =COUNTIF('Test Cases'!$B$2:$B$41,A10) -> 1 | F10: =COUNTIFS('Test Cases'!$B$2:$B$41,A10,'Test Cases'!$L$2:$L$41,"Pass") -> 0 | G10: =COUNTIFS('Test Cases'!$B$2:$B$41,A10,'Test Cases'!$L$2:$L$41,"Fail") -> 0 | H10: =E10-F10-G10 -> 1 | I10: =IF(E10=0,"NO COVERAGE",IF(G10>0,"Fail",IF(F10=E10,"Pass","In Progress"))) -> In Progress
A11: REQ-10 | B11: Checkout | C11: Checkout requires first name, last name and postal code with clear validation messages | D11: TC28, TC29, TC30, TC31, TC32, TC39 | E11: =COUNTIF('Test Cases'!$B$2:$B$41,A11) -> 6 | F11: =COUNTIFS('Test Cases'!$B$2:$B$41,A11,'Test Cases'!$L$2:$L$41,"Pass") -> 0 | G11: =COUNTIFS('Test Cases'!$B$2:$B$41,A11,'Test Cases'!$L$2:$L$41,"Fail") -> 0 | H11: =E11-F11-G11 -> 6 | I11: =IF(E11=0,"NO COVERAGE",IF(G11>0,"Fail",IF(F11=E11,"Pass","In Progress"))) -> In Progress
A12: REQ-11 | B12: Checkout | C12: Order overview shows correct item total, tax (8%) and grand total | D12: TC33 | E12: =COUNTIF('Test Cases'!$B$2:$B$41,A12) -> 1 | F12: =COUNTIFS('Test Cases'!$B$2:$B$41,A12,'Test Cases'!$L$2:$L$41,"Pass") -> 0 | G12: =COUNTIFS('Test Cases'!$B$2:$B$41,A12,'Test Cases'!$L$2:$L$41,"Fail") -> 0 | H12: =E12-F12-G12 -> 1 | I12: =IF(E12=0,"NO COVERAGE",IF(G12>0,"Fail",IF(F12=E12,"Pass","In Progress"))) -> In Progress
A13: REQ-12 | B13: Checkout | C13: A user can complete an order and see a confirmation | D13: TC27 | E13: =COUNTIF('Test Cases'!$B$2:$B$41,A13) -> 1 | F13: =COUNTIFS('Test Cases'!$B$2:$B$41,A13,'Test Cases'!$L$2:$L$41,"Pass") -> 0 | G13: =COUNTIFS('Test Cases'!$B$2:$B$41,A13,'Test Cases'!$L$2:$L$41,"Fail") -> 0 | H13: =E13-F13-G13 -> 1 | I13: =IF(E13=0,"NO COVERAGE",IF(G13>0,"Fail",IF(F13=E13,"Pass","In Progress"))) -> In Progress
... A18: REQ-17 | B18: Checkout | C18: Checkout cannot be started with an empty cart (assumed requirement) | D18: TC26 | E18: =COUNTIF('Test Cases'!$B$2:$B$41,A18) -> 1 | F18: =COUNTIFS('Test Cases'!$B$2:$B$41,A18,'Test Cases'!$L$2:$L$41,"Pass") -> 0 | G18: =COUNTIFS('Test Cases'!$B$2:$B$41,A18,'Test Cases'!$L$2:$L$41,"Fail") -> 0 | H18: =E18-F18-G18 -> 1 | I18: =IF(E18=0,"NO COVERAGE",IF(G18>0,"Fail",IF(F18=E18,"Pass","In Progress"))) -> In Progress
A20: Requirements with zero coverage: | E20: =COUNTIF(E2:E18,0) -> 0
A21: Requirements covered (%): | E21: =(COUNTA(A2:A18)-E20)/COUNTA(A2:A18) -> 1

Sheet Defect Log
A1: Defect ID | B1: Summary | C1: Module | D1: Linked TC | E1: Reproduced As (user) | F1: Severity | G1: Priority | H1: Status | I1: Environment | J1: Steps to Reproduce | K1: Expected Result | L1: Actual Result | M1: Screenshot File | N1: Date Logged | O1: Retest Result
A2: SD-EXAMPLE | B2: [Inventory] Sort does nothing for problem_user (EXAMPLE ROW) | C2: Inventory | D2: TC38 | E2: problem_user | F2: Major | G2: High | H2: Open | I2: Chrome (latest), Windows 11, saucedemo.com | J2: 1. Login as problem_user 2. Open sort dropdown 3. Select 'Name (Z to A)' | K2: Products re-order Z to A | L2: Order does not change | M2: screenshots/SD-EXAMPLE.png

Sheet Retest & Regression
A1: Defect ID | B1: Retest Steps (same as defect) | C1: Build / User Used | D1: Retest Result | E1: Retest Date | F1: Final Status | G1: Notes (e.g. why reopened)
A2: SD-EXAMPLE | B2: Repeat defect steps as standard_user (simulated fixed build) | C2: standard_user | D2: Pass | F2: Closed | G2: EXAMPLE ROW
A42: Regression pass results are recorded in 'Test Cases' columns O and P (Regression Result / Regression Date).
